"486t27390","|18|66|14|67|68|12|44|4|23|24|45|64|46|"
"486t27391","|18|66|14|67|68|12|44|4|23|24|45|64|46|"
"486t27392","|18|69|12|44|14|70|71|17|46|64|45|"
"486t27393","|18|69|12|44|14|70|71|17|46|64|45|"
"486t27394","|18|69|12|44|14|70|71|17|46|64|45|"
"486t27395","|18|69|12|44|14|70|71|17|46|64|45|"
"488t27399","|18|82|13|12|83|17|"
"488t27400","|18|82|13|12|83|17|"
"488t27401","|18|82|13|12|83|17|"
"488t27402","|18|82|13|12|83|17|"
"488t27403","|18|82|13|12|83|17|"
"488t27404","|18|82|13|12|83|17|"
"488t27405","|18|82|13|12|83|17|"
"488t27406","|18|82|13|12|83|17|"
"488t27407","|18|82|13|12|83|17|"
"488t27408","|18|82|13|12|83|17|"
"488t27409","|18|82|13|12|83|17|"
"488t27410","|18|82|13|12|83|17|"
"488t27411","|18|82|13|12|83|17|"
"488t27412","|18|82|13|12|83|17|"
"488t27414","|18|82|13|12|83|17|"
"488t27415","|18|82|13|12|83|17|"
"488t27416","|18|82|13|12|83|17|"
"488t27417","|18|82|13|12|83|17|"
"488t27418","|18|82|13|12|83|17|"
"488t27419","|18|82|13|12|83|17|"
"488t27420","|18|82|13|12|83|17|"
"488t27421","|18|82|13|12|83|17|"
"488t27422","|18|82|13|12|83|17|"
"488t27423","|18|82|13|12|83|17|"
"488t27424","|18|82|13|12|83|17|"
"488t27425","|18|82|13|12|83|17|"
"523t27431","|18|47|37|12|39|65|17|23|4|"
"523t27432","|18|47|37|12|39|65|17|23|4|"
"486t27434","|86|18|58|59|13|60|61|62|16|17|23|45|5|46|"
"486t27435","|86|18|58|59|13|60|61|62|16|17|23|45|5|46|"
"486t27436","|234576|87|10|88|12|13|14|15|16|17|"
"486t27437","|87|10|88|12|13|14|15|16|17|"
"486t27439","|8|72|73|74|75|76|77|78|"
"486t27440","|8|72|73|74|75|76|77|78|"
"486t27441","|8|72|73|74|75|76|77|78|"
"486t27442","|8|72|73|74|75|76|77|78|"
"523t27445","|84|18|26|85|29|27|65|23|4|17|"
"523t27447","|84|18|26|85|29|27|65|23|4|17|"
"523t27448","|84|18|26|85|29|27|65|23|4|17|"
"523t27449","|84|18|26|85|29|27|65|23|4|17|"
"523t27450","|84|18|26|85|29|27|65|23|4|17|"
"523t27451","|84|18|26|85|29|27|65|23|4|17|"
"523t27452","|84|18|26|85|29|27|65|23|4|17|"
"523t27453","|84|18|26|85|29|27|65|23|4|17|"
"488t27455","|36|26|13|37|38|39|40|23|"
"486t27459","|8|72|73|74|79|80|78|"
"494t27474","|18|"
"494t27475","|18|"
"494t27476","|18|"
"494t27477","|18|"
"498t27481","|18|19|20|21|22|17|23|"
"498t27482","|18|19|20|21|22|17|23|"
"488t27488","|32|258|317|84|18|26|33|20|27|28|23|4|17|"
"488t27489","|32|258|317|84|18|26|33|20|27|28|23|4|17|"
"488t27490","|32|258|317|84|18|26|33|20|27|28|23|4|17|"
"488t27491","|32|258|317|84|18|26|33|20|27|28|23|4|17|"
"488t27492","|32|258|317|84|18|26|33|20|27|28|23|4|17|"
"488t27493","|32|258|317|84|18|26|33|20|27|28|23|4|17|"
"488t27494","|32|258|317|84|18|26|33|20|27|28|23|4|17|"
"488t27495","|32|258|317|84|18|26|33|20|27|28|23|4|17|"
"488t27497","|32|258|317|84|18|26|33|20|27|28|23|4|17|"
"488t27498","|32|258|317|84|18|26|33|20|27|28|23|4|17|"
"488t27499","|32|258|317|84|18|26|33|20|27|28|23|4|17|"
"488t27500","|32|258|317|84|18|26|33|20|27|28|23|4|17|"
"488t27501","|32|258|317|84|18|26|33|20|27|28|23|4|17|"
"488t27502","|32|258|317|84|18|26|33|20|27|28|23|4|17|"
"488t27503","|32|258|317|84|18|26|33|20|27|28|23|4|17|"
"488t27504","|32|258|317|84|18|26|33|20|27|28|23|4|17|"
"488t27505","|32|258|317|84|18|26|33|20|27|28|23|4|17|"
"488t27506","|32|258|317|84|18|26|33|20|27|28|23|4|17|"
"488t27507","|32|258|317|84|18|26|33|20|27|28|23|4|17|"
"488t27508","|32|258|317|84|18|26|33|20|27|28|23|4|17|"
"488t27509","|32|258|317|84|18|26|33|20|27|28|23|4|17|"
"488t27510","|32|258|317|84|18|26|33|20|27|28|23|4|17|"
"488t27511","|32|258|317|84|18|26|33|20|27|28|23|4|17|"
"488t27512","|32|258|317|84|18|26|33|20|27|28|23|4|17|"
"488t27513","|32|258|317|84|18|26|33|20|27|28|23|4|17|"
"488t27514","|32|258|317|84|18|26|33|20|27|28|23|4|17|"
"488t27521","|34|35|20|27|28|24|23|31|"
"488t27522","|34|35|20|27|28|24|23|31|"
"488t27523","|34|35|20|27|28|24|23|31|"
"488t27524","|34|35|20|27|28|24|23|31|"
"488t27525","|34|35|20|27|28|24|23|31|"
"488t27526","|34|35|20|27|28|24|23|31|"
"488t27527","|34|35|20|27|28|24|23|31|"
"488t27537","|36|26|13|37|38|39|40|23|"
"486t27538","|81|18|41|42|67|14|12|44|45|17|23|4|46|64|"
"486t27544","|81|18|41|42|67|14|12|44|45|17|23|4|46|64|"
"486t27545","|81|18|41|42|67|14|12|44|45|17|23|4|46|64|"
"486t27546","|81|18|41|42|67|14|12|44|45|17|23|4|46|64|"
"523t27549","|18|47|48|49|39|12|17|23|4|"
"523t27554","|18|47|48|49|39|12|17|23|4|"
"523t27555","|18|47|48|49|39|12|17|23|4|"
"523t27556","|18|47|48|49|39|12|17|23|4|"
"523t27557","|18|47|48|49|39|12|17|23|4|"
"523t27558","|18|47|48|49|39|12|17|23|4|"
"523t27559","|18|47|48|49|39|12|17|23|4|"
"523t27560","|18|47|48|49|39|12|17|23|4|"
"523t27561","|18|47|48|49|39|12|17|23|4|"
"523t27562","|18|47|48|49|39|12|17|23|4|"
"523t27563","|18|47|48|49|39|12|17|23|4|"
"523t27564","|18|47|48|49|39|12|17|23|4|"
"523t27565","|18|47|48|49|39|12|17|23|4|"
"523t27566","|18|47|48|49|39|12|17|23|4|"
"523t27567","|18|47|48|49|39|12|17|23|4|"
"523t27568","|18|47|48|49|39|12|17|23|4|"
"523t27569","|18|47|48|49|39|12|17|23|4|"
"523t27570","|18|47|48|49|39|12|17|23|4|"
"523t27571","|18|47|48|49|39|12|17|23|4|"
"523t27574","|25|18|55|51|12|39|57|17|4|"
"523t27575","|25|18|55|51|12|39|57|17|4|"
"523t27576","|25|18|55|51|12|39|57|17|4|"
"523t27577","|25|18|55|51|12|39|57|17|4|"
"523t27578","|25|18|55|51|12|39|57|17|4|"
"523t27579","|25|18|55|51|12|39|57|17|4|"
"523t27580","|25|18|55|51|12|39|57|17|4|"
"523t27581","|25|18|55|51|12|39|57|17|4|"
"523t27582","|25|18|55|51|12|39|57|17|4|"
"523t27583","|25|18|55|51|12|39|57|17|4|"
"523t27584","|25|18|55|51|12|39|57|17|4|"
"523t27585","|25|18|55|51|12|39|57|17|4|"
"523t27586","|25|18|55|51|12|39|57|17|4|"
"523t27587","|25|18|55|51|12|39|57|17|4|"
"523t27667","|25|18|55|51|12|39|57|17|4|"
"523t27668","|25|18|55|51|12|39|57|17|4|"
"523t27669","|25|18|55|51|12|39|57|17|4|"
"523t27670","|25|18|55|51|12|39|57|17|4|"
"523t27671","|25|18|55|51|12|39|57|17|4|"
"523t27672","|25|18|55|51|12|39|57|17|4|"
"523t27673","|25|18|55|51|12|39|57|17|4|"
"523t27674","|25|18|55|51|12|39|57|17|4|"
"523t27675","|25|18|55|51|12|39|57|17|4|"
"523t27676","|25|18|55|51|12|39|57|17|4|"
"523t27677","|25|18|55|51|12|39|57|17|4|"
"523t27679","|25|18|55|51|12|39|57|17|4|"
"523t27680","|25|18|55|51|12|39|57|17|4|"
"523t27681","|25|18|55|51|12|39|57|17|4|"
"523t27682","|25|18|55|51|12|39|57|17|4|"
"523t27683","|25|18|55|51|12|39|57|17|4|"
"511t27769","|89|90|22|91|12|92|23|17|"
"511t27770","|89|90|22|91|12|92|23|17|"
"512t27774","|93|"
"494t27778","|18|"
"494t27780","|18|"
"524t27782","|10|88|13|12|94|"
"524t27790","|10|88|13|12|94|"
"524t27791","|10|88|13|12|94|"
"524t27792","|10|88|13|12|94|"
"524t27793","|10|88|13|12|94|"
"511t27806","|93|96|97|98|99|100|101|102|17|23|"
"511t27811","|93|96|97|98|99|100|101|102|17|23|"
"511t27816","|93|101|103|96|102|98|104|105|17|"
"486t27822","|106|107|108|18|109|96|102|110|15|111|112|17|23|45|4|46|"
"486t27827","|106|107|108|18|114|96|102|110|115|111|116|17|23|45|4|5|4|"
"486t27829","|117|108|18|118|12|14|44|67|119|120|121|122|123|124|125|"
"486t27830","|117|108|18|118|12|14|44|67|119|120|121|122|123|124|125|"
"486t27831","|117|108|18|118|12|14|44|67|119|120|121|122|123|124|125|"
"486t27832","|117|108|18|118|12|14|44|67|119|120|121|122|123|124|125|"
"486t27838","|117|18|128|12|14|44|126|71|17|46|"
"486t27841","|117|18|128|12|14|44|126|71|17|46|"
"486t27842","|117|18|128|12|14|44|126|71|17|46|"
"486t27843","|117|18|128|12|14|44|126|71|17|46|"
"486t27844","|106|117|18|127|12|14|44|67|112|17|45|5|23|46|4|"
"486t27845","|106|117|18|127|12|14|44|67|112|17|45|5|23|46|4|"
"518t27846","|8|88|129|12|17|23|"
"518t27847","|8|88|129|12|17|23|"
"518t27848","|23|10|88|12|129|17|"
"518t27849","|23|10|88|12|129|17|"
"518t27850","|18|88|12|129|17|"
"518t27851","|18|88|12|129|17|"
"515t27854","|18|24|23|31|"
"515t27855","|18|24|23|31|"
"515t27856","|18|24|23|31|"
"524t27858","|130|88|12|131|"
"524t27859","|130|88|12|131|"
"486t27863","|106|132|133|134|12|113|44|67|135|"
"486t27864","|106|132|133|134|12|113|44|67|135|"
"486t27867","|106|107|108|18|114|96|102|110|115|111|116|17|23|45|4|5|4|"
"486t27868","|106|136|108|36|137|96|102|14|138|22|135|17|23|45|46|"
"486t27871","|106|117|18|139|12|14|15|67|16|17|4|5|46|"
"520t27873","|18|140|141|143|142|144|145|146|147|"
"521t27875","|148|130|149|150|151|152|2|"
"521t27876","|130|153|154|151|155|2|"
"524t27880","|156|157|18|158|159|160|161|162|"
"486t27884","|163|"
"520t27923","|166|36|167|151|168|"
"486t27930","|18|169|73|170|171|172|173|175|78|"
"486t27933","|18|169|73|170|171|172|173|175|78|"
"486t27937","|106|176|88|12|13|14|177|178|"
"486t27938","|106|176|88|12|13|14|177|178|"
"486t27939","|106|176|88|12|13|14|177|178|"
"488t27940","|179|18|180|85|12|56|181|182|2|"
"488t27941","|179|18|180|85|12|56|181|182|"
"488t27942","|179|18|180|85|12|56|181|182|"
"488t27943","|179|18|180|85|12|56|181|182|2|"
"488t27944","|179|18|180|85|12|56|181|182|"
"488t27945","|179|18|180|85|12|56|181|182|"
"486t27949","|117|18|12|14|44|43|42|184|185|186|187|188|189|192|"
"486t27951","|117|18|183|12|14|44|43|42|184|185|186|187|188|189|"
"486t27952","|117|18|183|12|14|44|43|42|184|185|186|187|188|189|"
"486t27953","|117|18|183|12|14|44|43|42|184|185|186|187|188|189|"
"486t27958","|106|117|108|18|114|96|12|14|190|191|119|17|23|45|4|5|46|"
"486t27959","|106|117|108|18|114|96|12|14|190|191|119|17|23|45|4|5|46|"
"488t27964","|195|196|114|13|12|197|95|"
"488t27965","|195|196|114|13|12|197|95|"
"511t27971","|200|36|"
"486t27973","|200|36|"
"486t27974","|200|18|198|12|44|104|16|17|"
"488t27977","|200|18|"
"521t27978","|200|"
"486t27979","|200|13|199|60|22|77|12|178|17|"
"521t27985","|201|202|195|163|114|13|12|142|203|"
"521t27986","|201|202|195|163|114|13|12|142|203|"
"511t27988","|93|204|12|205|104|105|17|23|"
"520t27989","|148|207|130|"
"518t27994","|133|"
"486t27995","|106|107|108|18|114|96|102|110|115|111|116|17|23|45|4|5|4|"
"486t27996","|106|117|108|18|114|96|12|14|190|191|119|17|23|45|4|5|46|"
"523t28014","|25|18|55|51|12|39|57|17|4|"
"523t28015","|25|18|55|51|12|39|57|17|4|"
"523t28016","|25|18|55|51|12|39|57|17|4|"
"523t28017","|25|18|55|51|12|39|57|17|4|"
"523t28018","|25|18|55|51|12|39|57|17|4|"
"523t28019","|25|18|55|51|12|39|57|17|4|"
"523t28020","|25|18|55|51|12|39|57|17|4|"
"524t28021","|156|130|88|38|131|"
"486t28038","|106|210|36|211|96|102|14|212|22|213|17|23|45|46|"
"486t28039","|106|117|108|18|12|14|44|67|112|17|23|45|4|64|"
"486t28087","|106|215|216|217|18|218|12|113|219|67|119|"
"486t28088","|106|215|216|217|18|218|12|113|219|67|119|"
